<?xml version="1.0" encoding="UTF-8"?>
<openerp>
    <data>

        <!-- template form -->
        <record id="product_template_only_form_view" model="ir.ui.view">
            <field name="name">product_computed_list_price.form</field>
            <field name="model">product.template</field>
            <field name="inherit_id" ref="product.product_template_only_form_view"/>
            <field name="arch" type="xml">
                <field name="list_price" position="attributes">
                    <attribute name="invisible">1</attribute>
                </field>
                <field name="list_price" position="before">
                    <!-- for easy compatibilty with other modules -->
                    <field name="list_price_type"/>
                    <label for="computed_list_price" attrs="{'invisible': [('list_price_type', 'in', ['by_uom', 'by_uom_currency'])]}"/>
                    <div name="computed_list_price" attrs="{'invisible': [('list_price_type', 'in', ['by_uom', 'by_uom_currency'])]}">
                        <field name="computed_list_price" class="oe_inline"/>
                        <field name="computed_list_price_currency_id" class="oe_inline" groups="base.group_multi_currency"/>
                    </div>
                </field>
            </field>
        </record>

    </data>
</openerp>
