<?xml version="1.0" encoding="utf-8"?>
<openerp>
    <data noupdate="1">

<record id="computed_other_currency" model="product.product">
    <field name="name">Computed Other Currency Product</field>
    <field name="categ_id" ref="product.product_category_4"/>
    <field name="standard_price">60</field>
    <field name="other_currency_list_price">100</field>
    <field name="other_currency_id" ref="base.USD"/>
    <field name="list_price_type">other_currency</field>
    <field name="type">service</field>
</record>

    </data>
</openerp>
