<?xml version="1.0" encoding="UTF-8"?>
<openerp>
    <data>

        <!-- Template form -->
        <record id="product_template_only_form_view" model="ir.ui.view">
            <field name="name">product_price_currency.form</field>
            <field name="model">product.template</field>
            <field name="inherit_id" ref="product_computed_list_price.product_template_only_form_view" />
            <field name="arch" type="xml">
                <field name="list_price_type" position="after">
                    <label for="other_currency_list_price" attrs="{'invisible': [('list_price_type', '!=', 'other_currency')]}"/>
                    <div name="other_currency_list_price" attrs="{'invisible': [('list_price_type', '!=', 'other_currency')]}">
                        <field name="other_currency_list_price" class="oe_inline"/>
                        <field name="other_currency_id" class="oe_inline" attrs="{'required': [('list_price_type', '=', 'other_currency')]}"/>
                    </div>
                </field>
            </field>
        </record>

    </data>
</openerp>
